Workbook

Sheet BECI宿务单课程报价单
A1: 菲律宾游学
A3: 微信/电话：13249827686 邮箱: startedu86@163.com
A6: 学校： | B6: 宿务BECI-CEBU | D6: 报价日期： | E6: 45874 | G6: b'cebu 2025 下半年淡季折扣+记者活动
A7: 上课周数： | B7: 4 | D7: 宿舍： | E7: 3人间（上下铺） | G7: ​淡季折扣：8折
A8: 课程安排： | B8: Speed ESL | C8: =VLOOKUP(B8,'B''CEBU价格表'!A3:C14,3,FALSE) -> 4节1:1课程+2节小组课程+2节晚课 (选修) | G8: 期限：2025.Aug.31-2025.,Dec.24
A9: 1、学费（包含注册费、课程费、住宿费、餐费） | G9: ​记者活动 1：每4周100＄折扣
A10: 学费 | B10: 项目 | D10: 价格/美元 | G10: ​ 2：每天额外增加一节1对1课程
B11: 注册费 | D11: 0 | G11: 期限：2025. Aug.31-2025.Dec.14
B12: Speed ESL | D12: =VLOOKUP(B12,'B''CEBU价格表'!A3:B14,2,FALSE)*($B$7/4) -> 850 | G12: ​淡季折扣+记者活动可叠加
B13: 3人间（上下铺） | D13: =VLOOKUP(B13,'B''CEBU价格表'!F3:G10,2,FALSE)*($B$7/4) -> 700
B14: 未成年单独在校管理费 （15岁以下）100美元/周，（15-18岁）50美元/周 | D14: 0 | G14: ​
B15: 总计 | D15: =SUM(D11:E14) -> 1550
B16: 淡季优惠 （2025.2.9-6.22 & 8.31-12.28入学） | D16: 0.8 | G16: 成年学生：课程+住宿 20% 折扣不论房型 亲子家庭：课程+住宿 10% 折扣不论房型
B17: 长周期优惠（8周以上） | D17: 0 | G17: 长期优惠：8-11周优惠50美金，12-15周100美，16-19周200美(每增加4周优惠100美)
B18: 记者活动优惠100美/4周，周一到周五每天额外赠送1节1对1课程 （在小红书每周发视频+文章，发帖前需要给学校经理确认并转发给顾问老师，未完成需按原价格缴纳，不退差价） | D18: 100 | F18: =(D12+D13-D17-D18)*D16*D19+D14 -> 1044
B19: 思达折扣 | D19: 0.9 | F19: =(D12+D13+D14-D17-D18)*D16*D19 -> 1044
B20: 折后价 | D20: 1044美元（约人民币7474元）
A21: 2、学杂费（即到学校后会产生的当地费用，和思达游学无关，以到校为准仅供参考）
A22: 学杂费 | B22: 1、SSP特殊学习许可证 | D22: P7800（同学习时间一样，续费需要重新办理）
B23: 2、ACR I CARD(1年有效期) | D23: P4000（续费需要办理）
B24: 3、SSP E CARD(1年有效期) | D24: P4500
B25: 4、续签费用 | D25: 第一次续签P5130
D26: 第二次续签P6400
D27: 第三次续签P4430
B28: 5、住宿费押金 | D28: 3000比索/4周
B29: 6、水电费 | D29: 4000比索/4周（每周超过15kw，20比索/kw）
B30: 7、书本费 | D30: 根据实际情况
B31: 8、洗衣费 | D31: P200/8kg/次
B32: 9、宿务马克坦机场接机费 | D32: 周末接机：1000比索/工作日：1500比索
B33: 10、学生证 | D33: 200比索
B34: 11、管理费 | D34: 2000比索/4周
B35: 12、未成年单独在校管理费 | D35: 小学，初中（15岁以下）是每周100美元 高中生（15-18岁）是每周50美元
B36: 总计（直接交给学校的） | D36: 约2700元人民币以上/4周/人（不含押金）
A37: 说明： 1、学费部分需到校前2周交齐，可以交由思达游学代收或直接自行转美元给学校，我们的报价单上就是最终价格，支付时按照支付宝实时汇率，把美元换算为人民币结算。 2、学杂费是到菲律宾当地需要交纳的费用，是学校直接收取的，我们的报价只作为参考，具体以学校收取的为准。

Sheet BECI宿务单课程寒暑假
A1: 菲律宾游学
A3: 微信/电话：13249827686 邮箱: startedu86@163.com
A6: 学校： | B6: 宿务BECI-CEBU | D6: 报价日期： | E6: 45874
A7: 上课周数： | B7: 8 | D7: 宿舍： | E7: 单人间内景（校内花园）
A8: 课程安排： | B8: IELTS | C8: =VLOOKUP(B8,'B''CEBU价格表'!A3:C14,3,FALSE) -> 4节1:1课程+2节团体课+1节必修课+2节模拟考试
A9: 1、学费（包含注册费、课程费、住宿费、餐费）
A10: 学费 | B10: 项目 | D10: 价格/美元
B11: 注册费 | D11: 0
B12: IELTS | D12: =VLOOKUP(B12,'B''CEBU价格表'!A3:B14,2,FALSE)*($B$7/4) -> 1900
B13: 单人间内景（校内花园） | D13: =VLOOKUP(B13,'B''CEBU价格表'!F3:G10,2,FALSE)*($B$7/4) -> 2600 | G13: 9.30单人间外景价格上调50美
B14: 未成年单独在校管理费 | D14: 0
B15: 总计 | D15: =SUM(D11:E14) -> 4500 | F15: =D12+D13+D11+D14 -> 4500
B16: 思达折扣 | D16: 0.9
B17: 折后价 | D17: 1395美元（约人民币10006元） | F17: =(D12+D13)*D16+D14 -> 4050
A18: 2、学杂费（即到学校后会产生的当地费用，和思达游学无关，以到校为准仅供参考）
A19: 学杂费 | B19: 1、SSP特殊学习许可证 | D19: P7800（同学习时间一样，续费需要重新办理）
B20: 2、ACR I CARD(1年有效期) | D20: P4000（续费需要办理）
B21: 3、SSP E CARD(1年有效期) | D21: P4500
B22: 4、续签费用 | D22: 第一次续签P5130
D23: 第二次续签P6400
D24: 第三次续签P4430
B25: 5、住宿费押金 | D25: 3000比索/4周
B26: 6、水电费 | D26: 4000比索/4周（每周超过15kw，20比索/kw）
B27: 7、书本费 | D27: 根据实际情况
B28: 8、洗衣费 | D28: P200/8kg/次
B29: 9、宿务马克坦机场接机费 | D29: 周末接机：1000比索/工作日：1500比索
B30: 10、学生证 | D30: 200比索
B31: 11、管理费 | D31: 2000比索/4周
B32: 12、未成年单独在校管理费 | D32: 小学，初中（15岁以下）是每周100美元 高中生（15-18岁）是每周50美元
B33: 总计（直接交给学校的） | D33: 约2700元人民币以上/4周/人（不含押金）
A34: 说明： 1、学费部分需到校前2周交齐，可以交由思达游学代收或直接自行转美元给学校，我们的报价单上就是最终价格，支付时按照支付宝实时汇率，把美元换算为人民币结算。 2、学杂费是到菲律宾当地需要交纳的费用，是学校直接收取的，我们的报价只作为参考，具体以学校收取的为准。

Sheet 2种课程同时BECI报价单
A1: 菲律宾游学
A3: 微信/电话：15367659331 邮箱:startedu86@163.com
A6: 学校： | B6: 宿务BECI-CEBU | D6: 报价日期： | E6: 45862
A8: 上课周数 | B8: 课程名称 | C8: 课程安排 | E8: 宿舍
A9: 12 | B9: B'SPARTA | C9: =VLOOKUP(B9,'B''CEBU价格表'!A3:C14,3,FALSE) -> 5节1:1课程+2节小组课程+3节强制晚课+2节强制自习 | E9: 3人间（上下铺）
A10: 12 | B10: IELTS Sparta | C10: =VLOOKUP(B10,'B''CEBU价格表'!A3:C14,3,FALSE) -> 4节1:1课程+2节团体课+3节必修课+2节模拟考试 | E10: 3人间（上下铺）
A11: 1、学费（包含注册费、课程费、住宿费、餐费）
A12: 学费 | B12: 项目 | D12: 价格/美元
B13: 注册费 | D13: 0
B14: B'SPARTA | D14: =VLOOKUP(B14,'B''CEBU价格表'!A3:B14,2,FALSE)*($A$9/4) -> 3000
B15: IELTS GUARANTEE | D15: =VLOOKUP(B15,'B''CEBU价格表'!A3:B14,2,FALSE)*($A$10/4) -> 3300
B16: 3人间（上下铺） | D16: =VLOOKUP(B16,'B''CEBU价格表'!F3:G10,2,FALSE)*($A$9/4) -> 2100
B17: 3人间（上下铺） | D17: =VLOOKUP(B17,'B''CEBU价格表'!F3:G10,2,FALSE)*($A$10/4) -> 2100
B18: 总计 | D18: =SUM(D14:E17) -> 10500
B19: 淡季优惠 （2025.2.9-6.22 & 8.31-12.28入学） | D19: 0.8
B20: 长期优惠 （8周以上） | D20: 400 | I20: 淡季优惠计算方式参考：
B21: 记者活动优惠100美/4周，周一到周五每天额外赠送1节1对1课程 （在小红书每周发视频+文章，发帖前需要给学校经理确认并转发给顾问老师，未完成需按原价格缴纳） | D21: 600 | I21: 先减长期优惠，记者活动，剩下的金额再叠加淡季优惠
B22: 思达优惠 | D22: 0.9
B23: 折后价 | D23: 6840美元（约人民币48956元） | F23: =(D14+D15+D16+D17-D20-D21)*D19*D22 -> 6840 | I23: 以SPEED ESL 课程 三人间4周 为例：850+700=1550-100记者=1450*0.8淡季=1160*0.9代理=1044美金
A24: 2、学杂费（即到学校后会产生的当地费用，和思达游学无关，以到校为准仅供参考）
A25: 学杂费 | B25: 1、SSP特殊学习许可证 | D25: P7800（同学习时间一样，续费需要重新办理） | I25: 以SPEED ESL 课程 三人间8周 为例：1700+1400=3100-50长期-200记者=2850*0.8淡季=2280*0.9代理=2052美金
B26: 2、ACR I CARD(1年有效期) | D26: P4000（续费需要办理）
B27: 3、SSP E CARD(1年有效期) | D27: P4500
B28: 4、续签费用 | D28: 第一次续签P5130
D29: 第二次续签P6400
D30: 第三次续签P4430
B31: 5、住宿费押金 | D31: 3000比索/4周
B32: 6、水电费 | D32: 4000比索/4周（每周超过15kw，20比索/kw）
B33: 7、书本费 | D33: 根据实际情况
B34: 8、洗衣费 | D34: P200/8kg/次
B35: 9、宿务马克坦机场接机费 | D35: 周末接机：1000比索/工作日：1500比索
B36: 10、学生证 | D36: 200比索
B37: 11、管理费 | D37: 2000比索/4周
B38: 12、未成年单独在校管理费 | D38: 小学，初中（15岁以下）是每周100美元 高中生（15-18岁）是每周50美元
B39: 总计（直接交给学校的） | D39: 约2700元人民币以上/4周/人（不含押金）
A40: 说明： 1、学费部分需到校前2周交齐，可以交由思达游学代收或直接自行转美元给学校，我们的报价单上就是最终价格，支付时按照支付宝实时汇率，把美元换算为人民币结算。 2、学杂费是到菲律宾当地需要交纳的费用，是学校直接收取的，我们的报价只作为参考，具体以学校收取的为准。

Sheet 3种课程同时BECI报价单
A1: 菲律宾游学
A3: 微信/电话：13249827686 邮箱:startedu86@163.com
A6: 学校： | B6: 宿务BECI-CEBU | D6: 报价日期： | E6: 45790
A8: 上课周数 | B8: 课程名称 | C8: 课程安排 | E8: 宿舍
A9: 4 | B9: Speed ESL | C9: =VLOOKUP(B9,'B''CEBU价格表'!A3:C14,3,FALSE) -> 4节1:1课程+2节小组课程+2节晚课 (选修) | E9: 3人间（上下铺）
A10: 4 | B10: Junior ESL | C10: =VLOOKUP(B10,'B''CEBU价格表'!A4:C14,3,FALSE) -> 6节1:1 课程 | E10: 3人间（上下铺）
A11: 4 | B11: Lite ESL2 | C11: =VLOOKUP(B11,'B''CEBU价格表'!A3:C123,3,FALSE) -> 2节1: 1课程 | E11: 3人间（上下铺）
A12: 1、学费（包含注册费、课程费、住宿费、餐费）
A13: 学费 | B13: 项目 | D13: 价格/美元
B14: 免注册费 | D14: 0
B15: Junior ESL | D15: =VLOOKUP(B15,'B''CEBU价格表'!A4:B15,2,FALSE)*($A$9/4) -> 1200
B16: Junior ESL | D16: =VLOOKUP(B16,'B''CEBU价格表'!A4:B15,2,FALSE)*($A$10/4) -> 1200
B17: Lite ESL2 | D17: =VLOOKUP(B17,'B''CEBU价格表'!A3:C14,2,FALSE)*($A$11/4) -> 350
B18: 3人间（上下铺） | D18: =VLOOKUP(B18,'B''CEBU价格表'!F3:G10,2,FALSE)*($A$9/4) -> 700
B19: 3人间（上下铺） | D19: =VLOOKUP(B19,'B''CEBU价格表'!F5:G10,2,FALSE)*($A$9/4) -> 700
B20: 3人间（上下铺） | D20: =VLOOKUP(B20,'B''CEBU价格表'!F6:G13,2,FALSE)*($A$9/4) -> 700
B21: 总计 | D21: =SUM(D14:E20) -> 4850
B22: 其他优惠 | D22: 0
B23: 思达优惠 | D23: 0.9 | F23: =(D21-D14-D22)*D23+D14 -> 4365
B24: 折后价 | D24: 4365美元（约31432元人民币）
A25: 2、学杂费（即到学校后会产生的当地费用，和思达游学无关，以到校为准仅供参考）
A26: 学杂费 | B26: 1、SSP特殊学习许可证 | D26: P7800（同学习时间一样，续费需要重新办理）
B27: 2、ACR I CARD(1年有效期) | D27: P4000（续费需要办理）
B28: 3、SSP E CARD(1年有效期) | D28: P4500
B29: 4、续签费用 | D29: 第一次续签P5130
D30: 第二次续签P6400
D31: 第三次续签P4430
B32: 5、住宿费押金 | D32: 3000比索/4周
B33: 6、水电费 | D33: 4000比索/4周（每周超过15kw，20比索/kw）
B34: 7、书本费 | D34: 根据实际情况
B35: 8、洗衣费 | D35: P200/8kg/次
B36: 9、宿务马克坦机场接机费 | D36: 周末接机：1000比索/工作日：1500比索
B37: 10、学生证 | D37: 200比索
B38: 11、管理费 | D38: 2000比索/4周
B39: 12、未成年单独在校管理费 | D39: 小学，初中（15岁以下）是每周100美元 高中生（15-18岁）是每周50美元
B40: 总计（直接交给学校的） | D40: 约2700元人民币以上/4周/人（不含押金）
A41: 说明： 1、学费部分需到校前2周交齐，可以交由思达游学代收或直接自行转美元给学校，我们的报价单上就是最终价格，支付时按照支付宝实时汇率，把美元换算为人民币结算。 2、学杂费是到菲律宾当地需要交纳的费用，是学校直接收取的，我们的报价只作为参考，具体以学校收取的为准。

Sheet 4种课程同时BECI报价单
A1: 菲律宾游学
A3: 微信/电话：13249827686 邮箱:startedu86@163.com
A6: 学校： | B6: 宿务BECI-CEBU | D6: 报价日期： | E6: 45341
A8: 上课周数 | B8: 课程名称 | C8: 课程安排 | E8: 宿舍
A9: 4 | B9: Junior ESL | C9: =VLOOKUP(B9,'B''CEBU价格表'!A3:C14,3,FALSE) -> 6节1:1 课程 | E9: 3人间（上下铺）
A10: 4 | B10: Junior ESL | C10: =VLOOKUP(B10,'B''CEBU价格表'!A4:C14,3,FALSE) -> 6节1:1 课程 | E10: 3人间（上下铺）
A11: 4 | B11: Speed ESL | C11: =VLOOKUP(B11,'B''CEBU价格表'!A3:C123,3,FALSE) -> 4节1:1课程+2节小组课程+2节晚课 (选修) | E11: 3人间（上下铺）
A12: 1、学费（包含注册费、课程费、住宿费、餐费）
A13: 学费 | B13: 项目 | D13: 价格/美元
B14: 免注册费 | D14: 0
B15: Junior ESL | D15: =VLOOKUP(B15,'B''CEBU价格表'!A4:B15,2,FALSE)*($A$9/4) -> 1200
B16: Junior ESL | D16: =VLOOKUP(B16,'B''CEBU价格表'!A4:B15,2,FALSE)*($A$10/4) -> 1200
B17: Speed ESL | D17: =VLOOKUP(B17,'B''CEBU价格表'!A3:C14,2,FALSE)*($A$11/4) -> 850
B18: 幼儿园 | D18: =VLOOKUP(B18,'B''CEBU价格表'!A6:B17,2,FALSE)*($A$9/4) -> 900
B19: 3人间（上下铺） | D19: =VLOOKUP(B19,'B''CEBU价格表'!F3:G10,2,FALSE)*($A$9/4) -> 700
B20: 3人间（上下铺） | D20: =VLOOKUP(B20,'B''CEBU价格表'!F5:G10,2,FALSE)*($A$9/4) -> 700
B21: 3人间（上下铺） | D21: =VLOOKUP(B21,'B''CEBU价格表'!F6:G13,2,FALSE)*($A$9/4) -> 700
B22: 总计 | D22: =SUM(D14:E21) -> 6250
B23: 其他优惠 | D23: 300
B24: 优惠 | D24: 0.9 | F24: =(D22-D14-D23)*D24+D14 -> 5355
B25: 折后价 | D25: 4410美元（约31628元人民币）
A26: 2、学杂费（即到学校后会产生的当地费用，和思达游学无关，以到校为准仅供参考）
A27: 学杂费 | B27: 1、SSP特殊学习许可证 | D27: P7800（同学习时间一样，续费需要重新办理）
B28: 2、ACR I CARD(1年有效期) | D28: P4000（续费需要办理）
B29: 3、SSP E CARD(1年有效期) | D29: P4500
B30: 4、续签费用 | D30: 第一次续签P5130
D31: 第二次续签P6400
D32: 第三次续签P4430
B33: 5、住宿费押金 | D33: 3000比索/4周
B34: 6、水电费 | D34: 4000比索/4周（每周超过15kw，20比索/kw）
B35: 7、书本费 | D35: 根据实际情况
B36: 8、洗衣费 | D36: P200/8kg/次
B37: 9、宿务马克坦机场接机费 | D37: 周末接机：1000比索/工作日：1500比索
B38: 10、学生证 | D38: 200比索
B39: 11、管理费 | D39: 2000比索/4周
B40: 12、未成年单独在校管理费 | D40: 小学，初中（15岁以下）是每周100美元 高中生（15-18岁）是每周50美元
B41: 总计（直接交给学校的） | D41: 约2700元人民币以上/4周/人（不含押金）
A42: 说明： 1、学费部分需到校前2周交齐，可以交由思达游学代收或直接自行转美元给学校，我们的报价单上就是最终价格，支付时按照支付宝实时汇率，把美元换算为人民币结算。 2、学杂费是到菲律宾当地需要交纳的费用，是学校直接收取的，我们的报价只作为参考，具体以学校收取的为准。

Sheet B'CEBU价格表
A1: BECI - B'CEBU 2025年课程费 | F1: B'CEBU住宿费
A2: 注册费 | B2: 100美元 | F2: 注册费 | G2: 100美元
A3: 课程名称 | B3: 课程价格 4周/美元 | C3: 课程安排 | D3: 备注 | F3: 房间类型 | G3: 房间价格 4周/美元 | H3: 备注
A4: Speed ESL | B4: 850 | C4: 4节1:1课程+2节小组课程+2节晚课 (选修) | D4: 初级到高级的学生 | F4: 单人间外景（马克坦新城） | G4: 1350
A5: Intensive ESL | B5: 1000 | C5: 6节1:1 课程+2节晚课 (选修) | D5: 基础到高级的学生，希望有更多的1:1课程的人 | F5: 单人间内景（校内花园） | G5: 1300
A6: IELTS | B6: 950 | C6: 4节1:1课程+2节团体课+1节必修课+2节模拟考试 | D6: 对雅思考试系统不熟悉，打算深析雅思考试的学生 | F6: 双人间 | G6: 900
A7: IELTS Sparta | B7: 1000 | C7: 4节1:1课程+2节团体课+3节必修课+2节模拟考试 | F7: 双人间+客厅 | G7: 1200
A8: IELTS GUARANTEE | B8: 1100 | C8: 4节1:1课程+2节团体课+1节必修课+2节模拟考试 | D8: 12周起报 | F8: 四人间 | G8: 700 | H8: 上下铺 | I8: 只对冬令营和夏令营团体开放
A9: B'SPARTA | B9: 1000 | C9: 5节1:1课程+2节小组课程+3节强制晚课+2节强制自习 | D9: 斯巴达模式，强制参加 | F9: 2+1宿舍（上下铺） | G9: 850 | H9: 只限女生
A10: 商务英语 | B10: 1000 | C10: 4节1:1课程+2节小组课程+2节必修课 | F10: 3人间（上下铺） | G10: 700 | H10: 上下铺
A11: Junior ESL | B11: 1200 | C11: 6节1:1 课程 | D11: 青少年学生(17岁以下) | F11: 1周按4周40%，2周按4周60%价格计算，3周按4周的80%价格计算，亲子预付定金500美金/人
A12: Lite ESL4 | B12: 700 | C12: 4节1: 1课程 | D12: 喜欢慢节奏学习方式的学生
A13: Lite ESL2 | B13: 350 | C13: 2节1: 1课程 | D13: 只适用于40岁以上的学生
A14: 幼儿园 | B14: 900 | C14: 8:30AM～12:20PM/1:30PM～5:00PM | D14: 3～6岁
A16: 可免注册费，看顾问愿意与否 长期优惠8周50美元，12周100美元，16周200美元，20周300美元，24周400美元以此类推 12月26日更新淡季优惠 时间：2025.2.9-2025.6.22 & 2025.8.31-2025.12.28 b'cebu ： 成年学生：课程+住宿 20% 折扣，不论房型 亲子家庭：课程+住宿 10% 折扣，不论房型 长期优惠：8-11周优惠50美金，12-15周100美，16-19周200美(每增加4周优惠100美) 5月12日更新： b'cebu 2025 下半年淡季折扣+记者活动 淡季折扣：8折 入学时间：2025.Aug.31-2025.Dec.24 记者活动 1：每4周100＄折扣 ​ 2：每天额外增加一节1V1课程 入学时间：2025.Aug.31-2025.Dec.14 淡季折扣+记者活动+中介折扣可叠加 | F16: 淡季优惠计算方式参考： 先减长期优惠，记者活动，剩下的金额再叠加淡季优惠 以SPEED ESL 课程 三人间4周 为例：850+700=1550-100记者=1450*0.8淡季=1160*0.9代理=1044美金 以SPEED ESL 课程 三人间8周 为例：1700+1400=3100-50长期-200记者=2850*0.8淡季=2280*0.9代理=2052美金
