Workbook

Sheet CIA报价单-单课程
A1: 菲律宾游学
A3: 电话/微信：15367659331 邮箱: startedu86@163.com
A6: 学校： | B6: CIA校区 | D6: 报价日期： | E6: 45896
A7: 上课周数： | B7: 4 | D7: 宿舍： | E7: 双人间
A8: 课程安排： | B8: Regular ESL | C8: =VLOOKUP(B8,CIA2025年价格明细!A3:C16,3,FALSE) -> 一对一4课时+团体3课时(小1，中1，大1)+选修课1节
A9: 1、学费（包含注册费、课程费、住宿费、餐费）
A10: 学费 | B10: 项目 | D10: 价格/美元
B11: 注册费 | D11: 100
B12: Regular ESL | D12: =VLOOKUP($B12,CIA2025年价格明细!A3:C16,2,FALSE)*($B$7/4) -> 900
B13: 双人间 | D13: =VLOOKUP($B13,CIA2025年价格明细!F3:G15,2,FALSE)*($B$7/4) -> 1100
B14: 原价总计 | D14: =SUM(D11:E13) -> 2100
B15: 折扣 | D15: 0.95 | F15: =(D12+D13)*D15+D11 -> 2000
B16: 折后价 | D16: 2000美元（约人民币14326元）
A17: 2、学杂费（即到学校后会产生的当地费用，和思达游学无关，以到校为准仅供参考）
A18: 学杂费 | B18: 1、SSP特殊学习许可证 | D18: P8000（同学习时间一样，续费需要重新办理）
B19: 2、ACR-I CARD（1年有效期） | D19: P4500（续签需要办理）
B20: 3、SSP-E CARD（1年有效期） | D20: P4500
B21: 4、签证 | D21: 第一次续签P5130
D22: 第二次续签P6410
D23: 第三次续签P4540
B24: 5、住宿费押金 | D24: 约P2500
B25: 6、水电费 | D25: 约3000P/4周
B26: 7、宿务马克坦机场接机 | D26: P1000
B27: 8、管理费 | D27: 约P3000/4周
B28: 9、书本费 | D28: 约P2000
B29: 10、学生证 | D29: 约P100
B30: 11、ID大头照 | D30: P200
B31: 总计（直接交给学校的） | D31: 约2800元人民币以上/4周（不含押金）
A32: 说明： 1、学费部分由游学机构代收或直接到校支付给学校，我们的报价单上就是最终价格，支付时按照支付宝实时汇率，把美元换算为人民币结算。 2、学杂费是到菲律宾当地需要交纳的费用，是学校直接收取的，我们的报价只作为参考，具体以学校收取的为准。
H49: d

Sheet CIA报价单-2种课程
A1: 菲律宾游学
A3: 微信/电话：13249827686 邮箱: startedu86@163.com
A6: 学校： | B6: CIA校区 | D6: 报价日期： | E6: 45571
A8: 上课周数 | B8: 课程名称 | C8: 课程安排 | E8: 宿舍
A9: 4 | B9: Regular ESL | C9: =VLOOKUP($B$9,CIA2025年价格明细!A3:C16,3,FALSE) -> 一对一4课时+团体3课时(小1，中1，大1)+选修课1节 | E9: 四人间
A10: 4 | B10: IELTS Regular | C10: =VLOOKUP($B$10,CIA2025年价格明细!A4:C17,3,FALSE) -> 一对一4课时+团体3课时(小1，中2)+选修课1节 | E10: 四人间
A11: 1、学费（包含注册费、课程费、住宿费、餐费）
A12: 学费 | B12: 项目 | D12: 价格/美元
B13: 注册费 | D13: 100 | F13: 如果亲子2人注册费记得改为200美元
B14: Regular ESL | D14: =VLOOKUP($B14,CIA2025年价格明细!A3:C16,2,FALSE)*(A9/4) -> 900
B15: IELTS Regular | D15: =VLOOKUP($B15,CIA2025年价格明细!A4:C17,2,FALSE)*(A10/4) -> 1050 | F15: =D14+D15 -> 1950
B16: 四人间 | D16: =VLOOKUP($B16,CIA2025年价格明细!F3:G8,2,FALSE)*(A9/4) -> #N/A
B17: 四人间 | D17: =VLOOKUP($B17,CIA2025年价格明细!F4:G9,2,FALSE)*(A10/4) -> 750
B18: 原价总计 | D18: =SUM(D13:E17) -> #N/A
B19: 促销优惠 | D19: 0.95 | F19: =(D18-D13)*D19+D13 -> #N/A
B20: 折后价 | D20: 3377.5美元（约24612元人民币）
A21: 2、学杂费（即到学校后会产生的当地费用，和思达游学无关，以到校为准仅供参考）
A22: 学杂费 | B22: 1、SSP特殊学习许可证 | D22: P8000（同学习时间一样，续费需要重新办理）
B23: 2、ACR-I CARD（1年有效期） | D23: P4500（续签需要办理）
B24: 3、SSP-E CARD（1年有效期） | D24: P4500
B25: 4、签证 | D25: 第一次续签P5130
D26: 第二次续签P6410
D27: 第三次续签P4540
B28: 5、住宿费押金 | D28: 约P2500
B29: 6、水电费 | D29: 约3000P/4周
B30: 7、宿务马克坦机场接机 | D30: P1000
B31: 8、管理费 | D31: 约P3000/4周
B32: 9、书本费 | D32: 约P2000
B33: 10、学生证 | D33: 约P100
B34: 11、ID大头照 | D34: P200
B35: 总计（直接交给学校的） | D35: 约2500元人民币以上/4周（不含押金）
A36: 说明： 1、学费部分由游学机构代收或直接到校支付给学校，我们的报价单上就是最终价格，支付时按照支付宝实时汇率，把美元换算为人民币结算。 2、学杂费是到菲律宾当地需要交纳的费用，是学校直接收取的，我们的报价只作为参考，具体以学校收取的为准。

Sheet CIA报价单-3种课程
A1: 菲律宾游学
A3: 微信/电话：13249827686 邮箱: startedu86@163.com
A6: 学校： | B6: CIA校区 | D6: 报价日期： | E6: 45596
A8: 上课周数 | B8: 课程名称 | C8: 课程安排 | E8: 宿舍
A9: 4 | B9: Regular ESL | C9: =VLOOKUP($B$9,CIA2025年价格明细!A3:C16,3,FALSE) -> 一对一4课时+团体3课时(小1，中1，大1)+选修课1节 | E9: 三人间
A10: 4 | B10: Regular ESL | C10: =VLOOKUP($B$10,CIA2025年价格明细!A4:C17,3,FALSE) -> 一对一4课时+团体3课时(小1，中1，大1)+选修课1节 | E10: 三人间
A11: 4 | B11: Regular ESL | C11: =VLOOKUP($B$11,CIA2025年价格明细!A3:C16,3,FALSE) -> 一对一4课时+团体3课时(小1，中1，大1)+选修课1节 | E11: 三人间
A12: 1、学费（包含注册费、课程费、住宿费、餐费）
A13: 学费 | B13: 项目 | D13: 价格/美元
B14: 注册费 | D14: 300
B15: Regular ESL | D15: =VLOOKUP($B15,CIA2025年价格明细!A3:C16,2,FALSE)*(A9/4) -> 900
B16: Regular ESL | D16: =VLOOKUP($B16,CIA2025年价格明细!A4:C17,2,FALSE)*(A10/4) -> 900
B17: Regular ESL | D17: =VLOOKUP($B17,CIA2025年价格明细!A4:C17,2,FALSE)*(A10/4) -> 900
B18: 双人间 | D18: =VLOOKUP($B18,CIA2025年价格明细!F3:G8,2,FALSE)*(A9/4) -> 1100
B19: 双人间 | D19: =VLOOKUP($B19,CIA2025年价格明细!F4:G9,2,FALSE)*(A10/4) -> 1100
B20: 三人间 | D20: =VLOOKUP($B20,CIA2025年价格明细!F5:G10,2,FALSE)*(A11/4) -> 850
B21: 原价总计 | D21: =SUM(D14:E20) -> 6050
B22: 促销优惠 | D22: 0.9 | F22: =(D21-D14)*D22+D14 -> 5475
B23: 折后价 | D23: 5070美元（约36997元人民币）
A24: 2、学杂费（即到学校后会产生的当地费用，和思达游学无关，以到校为准仅供参考）
A25: 学杂费 | B25: 1、SSP特殊学习许可证 | D25: P8000（同学习时间一样，续费需要重新办理）
B26: 2、ACR-I CARD（1年有效期） | D26: P4500（续签需要办理）
B27: 3、SSP-E CARD（1年有效期） | D27: P4500
B28: 4、签证 | D28: 第一次续签P5130
D29: 第二次续签P6410
D30: 第三次续签P4540
B31: 5、住宿费押金 | D31: 约P2500
B32: 6、水电费 | D32: 约3000P/4周
B33: 7、宿务马克坦机场接机 | D33: P1000
B34: 8、管理费 | D34: 约P3000/4周
B35: 9、书本费 | D35: 约P2000
B36: 10、学生证 | D36: 约P100
B37: 11、ID大头照 | D37: P200
B38: 总计（直接交给学校的） | D38: 约2500元人民币以上/4周（不含押金）
A39: 说明： 1、学费部分由游学机构代收或直接到校支付给学校，我们的报价单上就是最终价格，支付时按照支付宝实时汇率，把美元换算为人民币结算。 2、学杂费是到菲律宾当地需要交纳的费用，是学校直接收取的，我们的报价只作为参考，具体以学校收取的为准。

Sheet CIA2025年价格明细
A1: CIA 2025年课程费 | F1: CIA 2025年住宿费 | J1: 校区
A2: 注册费 | B2: 100美元 | F2: 注册费 | G2: 100美元 | J2: CIA校区
A3: 课程名称 | B3: 课程价格 4周/美元 | C3: 课程安排 | D3: 备注 | F3: 房间类型 | G3: 房间价格 4周/美元 | H3: 备注
A4: Regular ESL | B4: 900 | C4: 一对一4课时+团体3课时(小1，中1，大1)+选修课1节 | D4: 必须参加晨考 | F4: 豪华单人间 | G4: 1700 | H4: 豪华单人间多了一个电磁炉，可以简单加热食物
A5: Intensive ESL | B5: 1000 | C5: 一对一5课时+团体2课时(小1，中1)+选修课1节 | F5: 标准单人间 | G5: 1500
A6: Power Intensive | B6: 1100 | C6: 一对一6课时+团体1课时(小1）+选修课1节 | F6: CB4单人间 | G6: 1700 | H6: 在学校对面的4号楼 | J6: CB4配套： •房型：单人房（16平方米） •地点：CIA大门斜对面 •住宿费：1700美元/4周 •设施（房间内）：学习桌椅、投影仪、电磁炉、迷你冰箱、微波炉、茶壶、迷你洗衣机、蒸汽熨斗、保险箱、弹出式充电器、迷你风扇、吹风机和茶杯套装 •政策：大多数政策与校内宿舍相同（如宵禁） •开业促销：100美元（适用于2024年12月7日至2025年1月26日期间抵达的学生），一次性优惠 我们始终感谢您的合作。如果您有任何疑问，请随时联系CIA中文经理。
A7: Pre-TOEIC | B7: 1000 | C7: 一对一4课时+团体3课时(小1，中2)+选修课1节 | F7: 双人间 | G7: 1100
A8: TOEIC Regular | B8: 1000 | C8: 一对一4课时+团体3课时(小1，中2)+选修课1节 | F8: 三人间 | G8: 850
A9: TOEIC Guarantee | B9: 1000 | C9: 一对一4课时+团体3课时(小1，中2)+选修课1节 | F9: 四人间 | G9: 750
A10: Pre- IELTS | B10: 1050 | C10: 一对一4课时+团体3课时(小1，中2)+选修课1节 | F10: 单人套房 | G10: 2500
A11: IELTS Regular | B11: 1050 | C11: 一对一4课时+团体3课时(小1，中2)+选修课1节 | F11: 双人套房 | G11: 1400
A12: IELTS Guarantee | B12: 1050 | C12: 一对一4课时+团体3课时(小1，中2) | F12: 三人套房 | G12: 1200
A13: Business | B13: 1050 | C13: 一对一5课时+团体2课时(小1，中1)+选修课1节 | F13: 四人套房 | G13: 1100
A14: Working Holiday | B14: 950 | C14: 一对一4课时+团体3课时(小1，中1，大1)+选修课1节 | F14: 校外单人间 | G14: 1600
A15: CERTIFIED UNIVERSITY | B15: 1000 | C15: 一对一4课时+团体3课时(小1，中1，大1)+选修课1节 | F15: 校外双人间 | G15: 1000 | H15: 需2人同时预订
A16: CALLAN | B16: 1050 | C16: 一对一5课时+团体2课时(小1，中1)+选修课1节
A17: 亲子青少年 | B17: 1300 | C17: 青少年：6节一对一 | D17: 满了15周岁才可以选择ESL，未满15周岁的都要选择青少年课程 | F17: 短周期报名：3周80%，2周60%，1周40%
A18: 亲子监护人 | B18: 1300 | C18: 监护人：4节一对一＋团体2课时(小1，中1) | F18: 2024年1月1日起，优惠折扣最高只能5%
A19: 备注：以上单价均为4周的单价 95折，不免注册费 1.报名本校其他科不管几周之学生，皆享有雅思官方考试优惠，学生仅需负担100美金 2.报名本校预备/正规雅思课程8周(含)以上学生，享有免费一次雅思官方考试 3.报名本校雅思保证班课程学生，享有免费一次雅思官方考试，若在就读期间内想要二次报考，学生仅需负担100美金 4.必须在就读期间选择CIA考场，若校内学生报考其他考场或毕业生皆不适用 5.使用全额免费之校内学生必须自行负担全额费用，后提交收据及成绩即可退全额费用 6.使用此优惠校内学生必须签同意书公开官方成绩在校园荣誉榜或其他CIA官方社群，不可要求上马赛克 重要通知！！！CIA2025年开始会更新课程设置， 其中一节团体课会变成选修课，选修课如：舞蹈课、电影、尊巴，以及其他等等，具体后面会再通知，请务必告知即将报名CIA2025年的学生，谢谢大家。 重要通知！！！*2 CIA将在2025年调整部分宿舍价格并新增Callan课程，详见附表价格，谢谢大家。 | F19: 1.2024年1月1日开始，报读雅思课程的同学如果不想参加clinic classes（每周五模拟考试试题的解答），可选择参加以下活动课（课程可根据实际情况有所变动）： 意译课 略读和翻阅课 通过语境理解意义课 语调课 2.2024年1月1日开始，报读托业保证班的同学须参加强制晚修课，每周一到周四晚上7-8点。 雅思保证班夜间强制自习课从原来的1周四天，晚上1个小时改为每周一到周三晚上1.5小时，7:00-8:30
