Workbook

Sheet EV报价单-单课程
A1: 菲律宾游学
A3: 微信/电话：13249827686 邮箱: startedu86@163.com
A6: 学校： | B6: EV | D6: 报价日期： | E6: 45901
A7: 上课周数： | B7: 12 | D7: 宿舍： | E7: 四人间（上下铺）
A8: 课程安排： | B8: 常规雅思（斯巴达） | C8: =VLOOKUP(B8,EV价格明细!A3:C20,3,FALSE) -> 4节一对一+2节小团体课+2节大团体+选修课
A9: 1、学费（包含注册费、课程费、住宿费、餐费）
A10: 学费 | B10: 项目 | D10: 价格/美元
B11: 注册费/老学员免注册费 | D11: 100
B12: 常规雅思（斯巴达） | D12: =VLOOKUP($B12,EV价格明细!A3:C20,2,FALSE)*($B$7/4) -> 3300
B13: 四人间（上下铺） | D13: =VLOOKUP($B13,EV价格明细!F3:G13,2,FALSE)*($B$7/4) -> 2580
B14: 暑期附加费 2026/7/5~8/29就读，40美元/周 | D14: 0 | G14: 每周40美元 | J14: =40*6 -> 240
B15: 青少年管理费 未满18周岁，100美元4周 | D15: 0
B16: 原价总计 | D16: =SUM(D11:E15) -> 5980
B17: 思达折扣（课程费+食宿费） | D17: 0.95 | F17: =(D12+D13+D14)*D17+D11+D15 -> 5686
B18: 折后价（美元汇率以实时汇率为准） | D18: 5686美元(约人民币40646元）
A19: 2、学杂费（即到学校后会产生的当地费用，和思达游学无关，以到校为准仅供参考）
A20: 学杂费 | B20: 1、SSP特殊学习许可证（6个月有效期） | D20: P7800/(同学习时间一样续费需要重新办理)
B21: 2、SSP E-CARD（1年有效期） | D21: P4500
B22: 3、ACR I-CARD（1年有效期） | D22: P3500（续签需要办理）
B23: 4、续签费用 | D23: 第一次续签P5130
D24: 第二次续签P6400
D25: 第三次续签P4430
B26: 5、住宿费押金 | D26: P3000/4周
B27: 6、水电费 | D27: 约P3200/4周
B28: 8、宿务马克坦机场接机费 | D28: P1200/人
B29: 9、管理费 | D29: 校内P2000/4周，校外P4000/4周
B30: 10、书本费 | D30: 根据实际情况
B31: 11、ID-CARD | D31: P500
B32: 总计（直接交给学校的） | D32: 约2700元人民币以上/4周/人（不含押金）
A33: 说明： 1、学费部分由游学机构代收或直接到校支付给学校，我们的报价单上就是最终价格，支付时按照支付宝实时汇率，把美元换算为人民币结算。 2、学杂费是到菲律宾当地需要交纳的费用，是学校直接收取的，我们的报价只作为参考，具体以学校收取的为准。
H37: 5000 | I37: 9.29 | J37: =H37*I37 -> 46450
H38: 5000 | I38: 9 | J38: =H38*I38 -> 45000

Sheet EV报价单-青少年单课程
A1: 菲律宾游学
A3: 微信/电话：13249827686 邮箱: startedu86@163.com
A6: 学校： | B6: EV | D6: 报价日期： | E6: 45833
A7: 上课周数： | B7: 4 | D7: 宿舍： | E7: 双人间
A8: 课程安排： | B8: 斯巴达 Intensive ESL | C8: =VLOOKUP(B8,EV价格明细!A3:C20,3,FALSE) -> 4节一对一+2小团体课+2节大团体课+选修课
A9: 1、学费（包含注册费、课程费、住宿费、餐费）
A10: 学费 | B10: 项目 | D10: 价格/美元
B11: 注册费 | D11: 100
B12: 斯巴达 Intensive ESL | D12: =VLOOKUP($B12,EV价格明细!A3:C20,2,FALSE)*($B$7/4) -> 980
B13: 双人间 | D13: =VLOOKUP($B13,EV价格明细!F3:G13,2,FALSE)*($B$7/4) -> 990
B14: 青少年管理费（未满18周岁）100美元4周 | D14: 0
B15: 暑期附加费（07/07~08/30就读） | D15: 140
B16: 原价总计 | D16: =SUM(D11:E15) -> 2210
B17: 折扣 | D17: 0.9 | F17: =(D12+D13+D14+D15)*D17+D11 -> 1999
B18: 折后价 | D18: 3439美元（约24776元人民币）
A19: 2、学杂费（即到学校后会产生的当地费用，和思达游学无关，以到校为准仅供参考）
A20: 学杂费 | B20: 1、SSP特殊学习许可证（6个月有效期） | D20: P7800/(同学习时间一样续费需要重新办理)
B21: 2、SSP E-CARD（1年有效期） | D21: P4500
B22: 3、ACR I-CARD（1年有效期） | D22: P3500（续签需要办理）
B23: 4、续签费用 | D23: 第一次续签P5130
D24: 第二次续签P6400
D25: 第三次续签P4430
B26: 5、住宿费押金 | D26: P3000/4周
B27: 6、水电费 | D27: 约P3200/4周
B28: 8、宿务马克坦机场接机费 | D28: P1200/人
B29: 9、管理费 | D29: 校内P2000/4周，校外P4000/4周
B30: 10、书本费 | D30: 根据实际情况
B31: 11、ID-CARD | D31: P500
B32: 总计（直接交给学校的） | D32: 约2700元人民币以上/4周/人（不含押金）
A33: 说明： 1、学费部分由游学机构代收或直接到校支付给学校，我们的报价单上就是最终价格，支付时按照支付宝实时汇率，把美元换算为人民币结算。 2、学杂费是到菲律宾当地需要交纳的费用，是学校直接收取的，我们的报价只作为参考，具体以学校收取的为准。

Sheet EV报价单-2种课程
A1: 菲律宾游学
A3: 微信/电话：13249827686 邮箱: startedu86@163.com
A6: 学校： | B6: EV | D6: 报价日期： | E6: 45862
A8: 上课周数 | B8: 课程名称 | C8: 课程安排 | E8: 宿舍
A9: 1 | B9: 强化口说6（半斯巴达） | C9: =VLOOKUP($B$9,EV价格明细!A3:C20,3,FALSE) -> 6节一对一+1节小团体+1节大团体+选修课 | E9: 双人间 | L9: 55117
A10: 3 | B10: 强化口说6（半斯巴达） | C10: =VLOOKUP($B$10,EV价格明细!A4:C21,3,FALSE) -> 6节一对一+1节小团体+1节大团体+选修课 | E10: 四人间（上下铺） | L10: 53434
A11: 1、学费（包含注册费、课程费、住宿费、餐费） | L11: =L9-L10 -> 1683 | M11: 500
A12: 学费 | B12: 项目 | D12: 价格/美元
B13: 注册费 | D13: 100
B14: 强化口说6（半斯巴达） | D14: =VLOOKUP($B14,EV价格明细!A3:C20,2,FALSE)*(A9/4) -> 280
B15: 强化口说6（半斯巴达） | D15: =VLOOKUP($B15,EV价格明细!A4:C21,2,FALSE)*(A10/4) -> 840
B16: 双人间 | D16: =VLOOKUP(B16,EV价格明细!F4:G12,2,FALSE)*((A9)/4) -> 247.5
B17: 四人间（上下铺） | D17: =VLOOKUP($B17,EV价格明细!F4:G12,2,FALSE)*((A10)/4) -> 645
B18: 青少年管理费 （未满18周岁）100美元4周 | D18: 0
B19: 暑期附加费 （07/07~08/30就读，40美元/周） | D19: 0
B20: 原价总计 | D20: =SUM(D13:E19) -> 2112.5
B21: 折扣 | D21: 0.9 | F21: =D20*D21 -> 1901.25
B22: 折后价（美元汇率以实时汇率为准） | D22: 1911美元（约人民币13671元） | F22: =(D20-D13-D18-D19)*D21+D13+D18+D19 -> 1911.25
A23: 2、学杂费（即到学校后会产生的当地费用，和思达游学无关，以到校为准仅供参考）
A24: 学杂费 | B24: 1、SSP特殊学习许可证（6个月有效期） | D24: P7800/(同学习时间一样续费需要重新办理)
B25: 2、SSP E-CARD（1年有效期） | D25: P4500
B26: 3、ACR I-CARD（1年有效期） | D26: P3500（续签需要办理）
B27: 4、续签费用 | D27: 第一次续签P5130
D28: 第二次续签P6400
D29: 第三次续签P4430
B30: 5、住宿费押金 | D30: P3000/4周
B31: 6、水电费 | D31: 约P3200/4周
B32: 8、宿务马克坦机场接机费 | D32: P1200/人
B33: 9、管理费 | D33: 校内P2000/4周，校外P4000/4周
B34: 10、书本费 | D34: 根据实际情况
B35: 11、ID-CARD | D35: P500
B36: 总计（直接交给学校的） | D36: 约2700元人民币以上/4周/人（不含押金）
A37: 说明： 1、学费部分由游学机构代收或直接到校支付给学校，我们的报价单上就是最终价格，支付时按照支付宝实时汇率，把美元换算为人民币结算。 2、学杂费是到菲律宾当地需要交纳的费用，是学校直接收取的，我们的报价只作为参考，具体以学校收取的为准。

Sheet EV报价单-3种课程
A1: 菲律宾游学
A3: 微信/电话：13249827686 邮箱: startedu86@163.com
A6: 学校： | B6: EV | D6: 报价日期： | E6: 45445
A8: 上课周数 | B8: 课程名称 | C8: 课程安排 | E8: 宿舍
A9: 4 | B9: 斯巴达 Intensive ESL | C9: =VLOOKUP($B$9,EV价格明细!A3:C20,3,FALSE) -> 4节一对一+2小团体课+2节大团体课+选修课 | E9: 四人间
A10: 4 | B10: 商务英语（斯巴达） | C10: =VLOOKUP($B$11,EV价格明细!A3:C20,3,FALSE) -> 4节一对一+2节小团体课+2节大团体+选修课 | E10: 四人间
A11: 4 | B11: 常规雅思（斯巴达） | C11: =VLOOKUP($B$11,EV价格明细!A4:C21,3,FALSE) -> 4节一对一+2节小团体课+2节大团体+选修课 | E11: 四人间
A12: 1、学费（包含注册费、课程费、住宿费、餐费）
A13: 学费 | B13: 项目 | D13: 价格/美元
B14: 注册费 | D14: 100
B15: 斯巴达 Intensive ESL | D15: =VLOOKUP($B15,EV价格明细!A2:C19,2,FALSE)*(A9/4) -> 980
B16: 商务英语（斯巴达） | D16: =VLOOKUP($B16,EV价格明细!A3:C20,2,FALSE)*(A10/4) -> 1100
B17: 常规雅思（斯巴达） | D17: =VLOOKUP($B17,EV价格明细!A4:C21,2,FALSE)*(A11/4) -> 1100
B18: 四人间 | D18: =VLOOKUP($B18,EV价格明细!F3:G13,2,FALSE)*(A9/4) -> #N/A
B19: 四人间 | D19: =VLOOKUP($B19,EV价格明细!F3:G12,2,FALSE)*(A10/4) -> #N/A
B20: 四人间 | D20: =VLOOKUP($B20,EV价格明细!F4:G13,2,FALSE)*(A11/4) -> #N/A
B21: 暑期附加费（07/07~08/30(就读） | D21: 0
B22: 原价总计 | D22: =SUM(D14:E21) -> #N/A
B23: 折扣 | D23: 0.9
B24: 折后价 | D24: 5041美元（约36583元人民币） | F24: =(D22-D14)*D23+D14 -> #N/A
A25: 2、学杂费（即到学校后会产生的当地费用，和思达游学无关，以到校为准仅供参考）
A26: 学杂费 | B26: 1、SSP特殊学习许可证（6个月有效期） | D26: P7800/(同学习时间一样续费需要重新办理)
B27: 2、SSP E-CARD（1年有效期） | D27: P4500
B28: 3、ACR I-CARD（1年有效期） | D28: P3500（续签需要办理）
B29: 4、续签费用 | D29: 第一次续签P5130
D30: 第二次续签P6400
D31: 第三次续签P4430
B32: 5、住宿费押金 | D32: P3000/4周
B33: 6、水电费 | D33: 约P3200/4周
B34: 8、宿务马克坦机场接机费 | D34: P1200/人
B35: 9、管理费 | D35: 校内P2000/4周，校外P4000/4周
B36: 10、书本费 | D36: 根据实际情况
B37: 11、ID-CARD | D37: P500
B38: 总计（直接交给学校的） | D38: 约2700元人民币以上/4周/人（不含押金）
A39: 说明： 1、学费部分由游学机构代收或直接到校支付给学校，我们的报价单上就是最终价格，支付时按照支付宝实时汇率，把美元换算为人民币结算。 2、学杂费是到菲律宾当地需要交纳的费用，是学校直接收取的，我们的报价只作为参考，具体以学校收取的为准。

Sheet EV价格明细
A1: EV 2025年课程费 | F1: EV 2025年食宿费 | J1: 校区
A2: 注册费 | B2: 100美元 | F2: 注册费 | G2: 150 | J2: 宿务EV
A3: 斯巴达课程名称 | B3: 课程价格 4周+美元 | C3: 课程安排 | D3: 备注 | F3: 房间类型 | G3: 房间价格 4周+美元 | H3: 备注 | J3: 宿务EV斯巴达
A4: 斯巴达 Intensive ESL | B4: 980 | C4: 4节一对一+2小团体课+2节大团体课+选修课 | D4: 严格的斯巴达管理模式 | F4: 单人间 | G4: 1350 | H4: 热门房型建议提前6个月预定 | J4: 宿务EV半斯巴达
A5: 强化口说6（斯巴达） | B5: 1170 | C5: 6节一对一+1节小团体+1节大团体+选修课 | F5: 双人间 | G5: 990
A6: 强化口说8（斯巴达） | B6: 1350 | C6: 8节一对一+自习+选修课 | F6: 三人间 | G6: 910
A7: 常规雅思（斯巴达） | B7: 1100 | C7: 4节一对一+2节小团体课+2节大团体+选修课 | F7: 四人间（上下铺） | G7: 860
A8: 雅思保证班（斯巴达） | B8: 1240 | C8: 1节早课+4节一对一+4节团体课+1节晚课+选修课 | F8: 双人间（亲子） | G8: 940 | H8: 亲子课程每年寒暑假名额特别少，建议提前1年预定。
A9: 多益（斯巴达） | B9: 1100 | C9: 4节一对一+4节团体课+自习+选修课 | F9: 三人间（亲子） | G9: 860
A10: 社交媒体英语（斯巴达） | B10: 1100 | C10: 4节一对一+4节团体课+自习+选修课 | F10: 四人间（亲子） | G10: 810
A11: 商务英语（斯巴达） | B11: 1100 | C11: 4节一对一+4节团体课+自习+选修课 | F11: 校外单间 | G11: 1500
A12: 半斯巴达课程名称 | B12: 课程价格 4周+美元 | C12: 课程安排 | D12: 备注 | F12: 校外双人间 | G12: 1100
A13: 半斯巴达 ESL | B13: 930 | C13: 4节一对一+2小团体课+2节大团体课+选修课 | D13: 半斯巴达管理模式
A14: 强化口说6（半斯巴达） | B14: 1120 | C14: 6节一对一+1节小团体+1节大团体+选修课 | F14: 活动：9折，不免注册费
A15: 强化口说8（半斯巴达） | B15: 1300 | C15: 8节一对一+选修课
A16: 多益（半斯巴达） | B16: 1050 | C16: 4节一对一+4节团体课+选修课
A17: 商务英语（半斯巴达） | B17: 1050 | C17: 4节一对一+4节团体课+选修课
A18: 社交媒体英语（半斯巴达） | B18: 1050 | C18: 4节一对一+4节团体课+选修课
A19: 亲子课程（青少年） | B19: 1150 | C19: 6节一对一+选修课
A20: 亲子课程（家长） | B20: 850 | C20: 4节一对一+小组课2节
A21: 备注：以上单价均为4周的单价
A22: 上课时间将从1节课50分钟缩短为45分钟。 常规8节课不变，自习时间从每天1小时增加到2小时。 学生在自习期间可以选择参加学校额外提供的2节特殊课程，学生将会有更多的选择。
A23: 【CALA 暑假额外加价通知】依此公告说明 1.暑假期间(七月、八月) 学费额外加价 $40 美金/周，共计8周 (包含佣金 2.适用期间: 2025年:07/07~08/30(共8周) 举例:注册 4周(2周在八月 +2周在九月)，只需加价 $80 美金 (只会计算 八月份的2周)
G25: =--3422*7.304 -> 24994.288 | H25: =G25-4000 -> 20994.288
G26: =--7.32*3422 -> 25049.04
G27: =G26-G25 -> 54.752

Sheet EV报价单-单课程 (2)
A1: 菲律宾游学
A3: 微信/电话：13249827686 邮箱: startedu86@163.com
A6: 学校： | B6: EV | D6: 报价日期： | E6: 45895
A7: 上课周数： | B7: 4 | D7: 宿舍： | E7: 三人间
A8: 课程安排： | B8: 半斯巴达 ESL | C8: 4 节 1 对 1 课 + 4 节小组课
A9: 1、学费（包含注册费、课程费、住宿费、餐费）
A10: 学费 | B10: 项目 | D10: 价格/美元
B11: 注册费/老学员免注册费 | D11: 100
B12: 半斯巴达 ESL | D12: 930
B13: 3人间 | D13: 910
B14: 暑期附加费 2026/7/5~8/29就读，40美元/周 | D14: 0 | G14: 每周40美元 | J14: =40*6 -> 240
B15: 青少年管理费 未满18周岁，100美元4周 | D15: 0
B16: 原价总计 | D16: =SUM(D11:E15) -> 1940
B17: 思达折扣（课程费+食宿费） | D17: 0.95 | F17: =(D12+D13+D14)*D17+D11+D15 -> 1848
B18: 折后价（美元汇率以实时汇率为准） | D18: 1848美元(约人民币13253元）
A19: 2、学杂费（即到学校后会产生的当地费用，和思达游学无关，以到校为准仅供参考）
A20: 学杂费 | B20: 1、SSP特殊学习许可证（6个月有效期） | D20: P7800/(同学习时间一样续费需要重新办理)
B21: 2、SSP E-CARD（1年有效期） | D21: P4500
B22: 3、ACR I-CARD（1年有效期） | D22: P3500（续签需要办理）
B23: 4、续签费用 | D23: 第一次续签P5130
D24: 第二次续签P6400
D25: 第三次续签P4430
B26: 5、住宿费押金 | D26: P3000/4周
B27: 6、水电费 | D27: 约P3200/4周
B28: 8、宿务马克坦机场接机费 | D28: P1200/人
B29: 9、管理费 | D29: 校内P2000/4周，校外P4000/4周
B30: 10、书本费 | D30: 根据实际情况
B31: 11、ID-CARD | D31: P500
B32: 总计（直接交给学校的） | D32: 约2700元人民币以上/4周/人（不含押金）
A33: 说明： 1、学费部分由游学机构代收或直接到校支付给学校，我们的报价单上就是最终价格，支付时按照支付宝实时汇率，把美元换算为人民币结算。 2、学杂费是到菲律宾当地需要交纳的费用，是学校直接收取的，我们的报价只作为参考，具体以学校收取的为准。
H37: 5000 | I37: 9.29 | J37: =H37*I37 -> 46450
H38: 5000 | I38: 9 | J38: =H38*I38 -> 45000

Sheet 不要用这个表格
A1: 菲律宾游学
A3: 微信/电话：13249827686 邮箱: xuezhizhou000@163.com
A6: 学校： | B6: EV | D6: 报价日期： | E6: 45064
A8: 上课周数 | B8: 课程名称 | C8: 课程安排 | E8: 宿舍
A9: 4 | B9: 常规雅思（半斯巴达） | C9: =VLOOKUP($B$9,EV价格明细!A3:C20,3,FALSE) -> #N/A | E9: 双人间
A10: 4 | B10: 强化口说6（半斯巴达） | C10: =VLOOKUP($B$10,EV价格明细!A4:C21,3,FALSE) -> 6节一对一+1节小团体+1节大团体+选修课 | E10: 双人间
A11: 1、学费（包含注册费、课程费、住宿费、餐费）
A12: 学费 | B12: 项目 | D12: 价格/美元
B13: 注册费 | D13: 100
B14: 常规雅思（半斯巴达） | D14: =VLOOKUP($B14,EV价格明细!A3:C20,2,FALSE)*(A9/4) -> #N/A
B15: 强化口说6（半斯巴达） | D15: =VLOOKUP($B15,EV价格明细!A4:C21,2,FALSE)*(A10/4) -> 1120
B16: 校外单间1周 | D16: 345
B17: 双人间3周 | D17: 667.5
B18: 双人间 | D18: =VLOOKUP($B18,EV价格明细!F5:G13,2,FALSE)*(A10/4) -> 990
B19: 青少年管理费 | D19: 25
B20: 原价总计 | D20: =SUM(D13:E19) -> #N/A
B21: 折扣 | D21: 0.9
B22: 折后价 | D22: 3633美元（约25504元人民币） | F22: =D20*D21 -> #N/A
A23: 2、学杂费（即到学校后会产生的当地费用）
A24: 学杂费 | B24: 1、SSP特殊学习许可证 | D24: P6800/6个月有效期
B25: 2、ACR-ICARD/学习8周以上需要 | D25: P3500/1年有效期
B26: 3、签证 | D26: 根据实际情况
B27: 4、住宿费押金 | D27: P2000/4周
B28: 5、电费 | D28: 约P400/周
B29: 6、接机费 | D29: P1200
B30: 7、管理费 | D30: 约P1000/4周
B31: 8、书本费 | D31: 根据实际情况
B32: 总计（直接交给学校的） | D32: 约1500元人民币/4周/人
A33: 说明： 1、学费部分由游学机构代收或直接到校支付给学校，我们的报价单上就是最终价格，支付时按照支付宝实时汇率，把美元换算为人民币结算。 2、学杂费是到菲律宾当地需要交纳的费用，是学校直接收取的，我们的报价只作为参考，具体以学校收取的为准，但是一般不会有太大出入的。

Sheet 不要用这个表格 (2)
A1: 菲律宾游学
A3: 微信/电话：13249827686 邮箱: xuezhizhou000@163.com
A6: 学校： | B6: EV | D6: 报价日期： | E6: 45072
A8: 上课周数 | B8: 课程名称 | C8: 课程安排 | E8: 宿舍
A9: 4 | B9: 常规雅思（半斯巴达） | C9: =VLOOKUP($B$9,EV价格明细!A3:C20,3,FALSE) -> #N/A | E9: 双人间
A10: 4 | B10: 半斯巴达 ESL | C10: =VLOOKUP($B$10,EV价格明细!A4:C21,3,FALSE) -> 4节一对一+2小团体课+2节大团体课+选修课 | E10: 双人间
A11: 1、学费（包含注册费、课程费、住宿费、餐费）
A12: 学费 | B12: 项目 | D12: 价格/美元
B13: 注册费 | D13: 200
B14: 常规雅思（半斯巴达） | D14: =VLOOKUP($B14,EV价格明细!A3:C20,2,FALSE)*(A9/4) -> #N/A
B15: 半斯巴达 ESL | D15: =VLOOKUP($B15,EV价格明细!A4:C21,2,FALSE)*(A10/4) -> 930
B16: 校外单间1周 | D16: 345
B17: 双人间3周 | D17: 667.5
B18: 双人间 | D18: =VLOOKUP($B18,EV价格明细!F5:G13,2,FALSE)*(A10/4) -> 990
B19: 青少年管理费 | D19: 25
B20: 原价总计 | D20: =SUM(D13:E19) -> #N/A
B21: 折扣 | D21: 0.9
B22: 折后价 | D22: 3588美元（约25255元人民币） | F22: =D20*D21 -> #N/A
A23: 2、学杂费（即到学校后会产生的当地费用）
A24: 学杂费 | B24: 1、SSP特殊学习许可证 | D24: P6800/6个月有效期
B25: 2、ACR-ICARD/学习8周以上需要 | D25: P3500/1年有效期
B26: 3、签证 | D26: 根据实际情况
B27: 4、住宿费押金 | D27: P2000/4周
B28: 5、电费 | D28: 约P400/周
B29: 6、接机费 | D29: P1200
B30: 7、管理费 | D30: 约P1000/4周
B31: 8、书本费 | D31: 根据实际情况
B32: 总计（直接交给学校的） | D32: 约1500元人民币/4周/人
A33: 说明： 1、学费部分由游学机构代收或直接到校支付给学校，我们的报价单上就是最终价格，支付时按照支付宝实时汇率，把美元换算为人民币结算。 2、学杂费是到菲律宾当地需要交纳的费用，是学校直接收取的，我们的报价只作为参考，具体以学校收取的为准，但是一般不会有太大出入的。
