Workbook

Sheet Pines报价单
A1: 菲律宾游学
A3: 微信/电话：13249827686 邮箱: startedu86@163.com
A6: 学校： | B6: Pines 雅思校区 | D6: 报价日期： | E6: 45897
A7: 上课周数： | B7: 8 | D7: 宿舍： | E7: 雅思校区四人间
A8: 课程安排： | B8: IELTS | C8: =VLOOKUP(B8,Pines价格明细!A3:C19,3,FALSE) -> 一对一4课时+小组课3课时+选修课
A9: 1、学费（包含注册费、课程费、住宿费、工作日餐费）
A10: 学费 | B10: 项目 | D10: 价格/美元
B11: 注册费 | D11: 100
B12: IELTS | D12: =VLOOKUP($B$12,Pines价格明细!$A$4:$B$18,2,0)*($B$7/4) -> 2200
B13: 雅思校区四人间 | D13: =VLOOKUP(B13,Pines价格明细!F3:G16,2,FALSE)*($B$7/4) -> 1260
B14: 旺季附加费40美元/周 （学习时间6.29-8.23） | D14: 0
B15: 总计 | D15: =SUM(D11:E14) -> 3560 | F15: =D11+D12+D13+D14 -> 3560
B16: 常规淡季优惠（150美元/4周） （8月31日前报名，学习时间12月28日前） | D16: 30
B17: 创造者优惠（减免1周住宿费） 发布2篇小红书文章或者视频+学校官方采访录制3分钟 减免1周住宿费 | D17: =D13/4 -> 315 | F17: 157.5
B18: 额外优惠（12周以上） | D18: 0
B19: 思达优惠 | D19: 100 | G19: 可以一直优惠不限制
B20: 折后价（汇率按照缴费最新汇率） | D20: 2133.75美元(约人民币15323元) | F20: 折后合计 | G20: =D15-D16-D18-D19-D17 -> 3115
A21: 2、学杂费（即到学校后会产生的当地费用，和思达游学无关，以到校为准仅供参考）
A22: 学杂费 | B22: 1、SSP特殊学习许可证 | D22: P7800(同学习时间一样,续费需要重新办理)
B23: 2、ACR-I CARD（1年有效期） | D23: P4500
B24: 3、SSP-I CARD（1年有效期） | D24: P4500
B25: 4、续签费用 | D25: 第一次续签P4940
D26: 第二次续签P6210
D27: 第三次续签P4240
B28: 5、住宿费押金 | D28: P4000
B29: 6、水电费 | D29: 约P3000/4周
B30: 7、选修课 | D30: P300/2周
B31: 8、书本费 | D31: 约P2500/6本教材/4周
B32: 9、洗衣费 | D32: P150/7kg
B33: 10、接机费（固定时间） | D33: 周日马尼拉团体接机3000比索/人
D34: 周日克拉克团体接机2500比索/人
B35: 11、学生证 | D35: P200
B36: 总计（直接交给学校的） | D36: 约3000元人民币以上/4周/人（不含押金）
A37: 说明： 1、学费部分由游学机构代收或直接到校支付给学校，我们的报价单上就是最终价格，支付时按照支付宝实时汇率，把美元换算为人民币结算。 2、学杂费是到菲律宾当地需要交纳的费用，是学校直接收取的，我们的报价只作为参考，具体以学校收取的为准。

Sheet 2校区同时Pines报价单
A1: 菲律宾游学
A3: 微信/电话：13249827686 邮箱: startedu86@163.com
A6: 学校： | B6: Pines主校区&Chapis校区 | D6: 报价日期： | E6: 45881
A8: 上课周数 | B8: 课程名称 | C8: 课程安排 | E8: 宿舍
A9: 4 | B9: Power Speaking | C9: =VLOOKUP(B9,Pines价格明细!A4:C20,3,FALSE) -> 一对一4课时+小组课4课时 | E9: 主校区双人间B
A10: 8 | B10: IELTS | C10: =VLOOKUP(B10,Pines价格明细!A3:D19,3,FALSE) -> 一对一4课时+小组课3课时+选修课 | E10: Chapis雅思校区双人间
A11: 1、学费（包含注册费、课程费、住宿费、工作日餐费）
A12: 学费 | B12: 项目 | D12: 价格/美元
B13: 注册费 | D13: 100
B14: Power Speaking | D14: =VLOOKUP($B14,Pines价格明细!A3:C19,2,)*($A$9/4) -> 930
B15: IELTS | D15: =VLOOKUP($B15,Pines价格明细!A4:C20,2,)*($A$10/4) -> 2200
B16: 主校区双人间B | D16: =VLOOKUP($B16,Pines价格明细!F3:G16,2,FALSE)*(A9/4) -> 840
B17: Chapis雅思校区双人间 | D17: =VLOOKUP($B17,Pines价格明细!F3:G16,2,FALSE)*(A10/4) -> #N/A
B18: 旺季附加费40美元/周 （学习时间6.29-8.23） | D18: 0 | F18: 40
B19: 总计 | D19: =SUM(D13:E18) -> #N/A
B20: 常规淡季优惠（150美元/4周） （8月31日前报名，学习时间12月28日前） | D20: 450
B21: 创造者优惠（减免1周住宿费） 发布2篇小红书文章或者视频+学校官方采访录制3分钟 减免1周住宿费 | D21: 210 | F21: 262.5
B22: 十周年活动 （报名10周以上优惠100美元） | D22: 100 | F22: 150
B23: 额外优惠（12周以上） | D23: 100 | F23: 100
B24: 思达优惠 | D24: 100
B25: 折后价（汇率按照缴费最新汇率） | D25: 4850美元（约人民币34875元） | F25: 折后合计 | G25: =D19-D20-D21-D22-D23-D24 -> #N/A
A26: 2、学杂费（即到学校后会产生的当地费用，和思达游学无关，以到校为准仅供参考）
A27: 学杂费 | B27: 1、SSP特殊学习许可证 | D27: P7800(同学习时间一样,续费需要重新办理)
B28: 2、ACR-I CARD（1年有效期） | D28: P4500
B29: 3、SSP-I CARD（1年有效期） | D29: P4500
B30: 4、续签费用 | D30: 第一次续签P4940
D31: 第二次续签P6210
D32: 第三次续签P4240
B33: 5、住宿费押金 | D33: P4000
B34: 6、水电费 | D34: 约P3000/4周
B35: 7、选修课 | D35: P300/2周
B36: 8、书本费 | D36: 约P1,500/6本教材/4周
B37: 9、洗衣费 | D37: P150/7kg
B38: 10、接机费（固定时间） | D38: 周日马尼拉团体接机3000比索/人
D39: 周日克拉克团体接机2500比索/人
B40: 11、学生证 | D40: P200
B41: 总计（直接交给学校的） | D41: 约3000元人民币以上/4周/人（不含押金）
A42: 说明： 1、学费部分由游学机构代收或直接到校支付给学校，我们的报价单上就是最终价格，支付时按照支付宝实时汇率，把美元换算为人民币结算。 2、学杂费是到菲律宾当地需要交纳的费用，是学校直接收取的，我们的报价只作为参考，具体以学校收取的为准。

Sheet 3种课程安排
A1: 菲律宾游学
A3: 微信/电话：13249827686 邮箱: startedu86@163.com
A6: 学校： | B6: Pines主校区 | D6: 报价日期： | E6: 45072
A8: 上课周数 | B8: 课程名称 | C8: 课程安排 | E8: 宿舍
A9: 4 | B9: Power Speaking | C9: =VLOOKUP($B$9,Pines价格明细!A3:C18,3,FALSE) -> 一对一4课时+小组课4课时 | E9: 主校区4人间
A10: 2 | B10: Power Speaking | C10: =VLOOKUP($B$9,Pines价格明细!A4:C20,3,FALSE) -> 一对一4课时+小组课4课时 | E10: 主校区单人间C
A11: 6 | B11: Power Speaking | C11: =VLOOKUP($B$11,Pines价格明细!A4:C20,3,FALSE) -> 一对一4课时+小组课4课时 | E11: 主校区4人间
A12: 1、学费（包含注册费、课程费、住宿费、餐费）
A13: 学费 | B13: 项目 | D13: 价格/美元
B14: 注册费 | D14: 100
B15: Power Speaking | D15: =VLOOKUP($B15,Pines价格明细!A3:C19,2,FALSE)*($A$9/4) -> 930
B16: Power Speaking | D16: =VLOOKUP($B16,Pines价格明细!A4:C20,2,FALSE)*($A$10/4) -> 465
B17: Power Speaking | D17: =VLOOKUP($B17,Pines价格明细!A4:C20,2,FALSE)*($A$11/4) -> 1395
B18: 主校区4人间（上床下桌） | D18: =VLOOKUP($B18,Pines价格明细!F3:G16,2,FALSE)*(A9/4) -> 700
B19: 主校区单人间C | D19: =VLOOKUP($B19,Pines价格明细!F4:G15,2,FALSE)*(A10/4) -> 485
B20: 主校区6人间 | D20: =VLOOKUP($B20,Pines价格明细!F4:G20,2,FALSE)*(A11/4) -> 855
B21: 总计 | D21: =SUM(D14:E20) -> 4930
B22: 注册费优惠 | D22: 100
B23: 其他优惠 | D23: 300 | F23: 150
B24: 5月31日之前入学优惠 | D24: 0
B25: 长周期优惠 | D25: 100 | F25: 50
B26: 折后价（汇率按照缴费最新汇率） | D26: =(D21-D22-D23-D25-D24)&"美元（约"&((D21-D22-D23-D25-D24)*Pines价格明细!E4)&"元人民币）" -> 4430美元（约32471.9元人民币） | F26: 折后合计 | G26: =D21-D22-D23-D25-D24 -> 4430
A27: 2、学杂费（即到学校后会产生的当地费用，和思达游学无关，以到校为准仅供参考）
A28: 学杂费 | B28: 1、SSP特殊学习许可证 | D28: P7800(同学习时间一样,续费需要重新办理)
B29: 2、ACR-I CARD（1年有效期） | D29: P4500
B30: 3、SSP-I CARD（1年有效期） | D30: P4500
B31: 4、续签费用 | D31: 第一次续签P4940
D32: 第二次续签P6210
D33: 第三次续签P4240
B34: 5、住宿费押金 | D34: P4000
B35: 6、水电费 | D35: 约P3000/4周
B36: 7、选修课 | D36: P300/2周
B37: 8、书本费 | D37: 约P1,500/6本教材/4周
B38: 9、洗衣费 | D38: P150/7kg
B39: 10、接机费（固定时间） | D39: 周日马尼拉团体接机3000比索/人
D40: 周日克拉克团体接机2500比索/人
B41: 11、学生证 | D41: P200
B42: 总计（直接交给学校的） | D42: 约3000元人民币以上/4周/人（不含押金）
A43: 说明： 1、学费部分由游学机构代收或直接到校支付给学校，我们的报价单上就是最终价格，支付时按照支付宝实时汇率，把美元换算为人民币结算。 2、学杂费是到菲律宾当地需要交纳的费用，是学校直接收取的，我们的报价只作为参考，具体以学校收取的为准。

Sheet Pines价格明细
A1: Pines 2025年课程费 | F1: Pines 2025年食宿费 | J1: 校区
A2: 注册费 | B2: 100美元 | F2: 注册费 | G2: 100美元 | J2: Pines主校区
A3: 主校区课程名称 | B3: 课程价格 4周/美元 | C3: 课程安排 | D3: 备注 | E3: 8月17日汇率 | F3: 房间类型 | G3: 食宿价格/4周/美元 | H3: 备注 | J3: Pines 雅思校区
A4: Power Speaking | B4: 930 | C4: 一对一4课时+小组课4课时 | D4: 以上课程都可以选择eb pro计划，额外支付5000比索/4周，eb pro一般从第三周才可以开始上 | E4: 7.33 | F4: 主校区单人间A | G4: 1250 | J4: Pines主校区&雅思校区
A5: Intensive ESL | B5: 1020 | C5: 一对一5课时+小组课2节课 | F5: 主校区单人间B | G5: 1150 | H5: 这是一个套间， 两个房间共用一个客厅，房间B在自己房间内拥有独立的卫浴。而房间C的卫浴在客厅
A6: Light ESL4 | B6: 850 | C6: 一对一4节课 | F6: 主校区单人间C | G6: 970
A7: Power ESL5 | B7: 980 | C7: 一对一5节课 | F7: 主校区双人间A | G7: 870
A8: Power ESL7 | B8: 1220 | C8: 一对一7节课 | F8: 主校区双人间B | G8: 840
A9: 商务英语（初中级） | B9: 1080 | C9: 一对一4课时+小组课3课时 | F9: 主校区4人间（上床下桌） | G9: 700 | H9: 碧瑶学校最舒服的多人间，网红宿舍
A10: 商务英语（中高级） | B10: 1080 | C10: 一对一5课时 | F10: 主校区6人间 | G10: 570
A11: TOEIC/TOEIC Speaking | B11: 980 | C11: 一对一4课时+小组课4课时+选修课 | F11: 主校区亲子2-3人房 | G11: 780 | H11: 双人间 /加床
A12: Family Junior 青少年 | B12: 1500 | C12: 一对一5课时+小组课2课时+选修课2课时 | F12: 雅思校区单人间 | G12: 1250 | H12: 2人间升级为单人间，单人住
A13: Family Junior 家长 | B13: 750 | C13: 一对一3课时+选修课2课时 | F13: 雅思校区单人间B | G13: 1150
A14: 雅思校区课程名称 | B14: 课程价格 4周/美元 | C14: 课程安排 | D14: 备注 | F14: 雅思校区双人间 | G14: 870
A15: Pre-IELTS | B15: 1050 | C15: 一对一4课时+小组课4课时+选修课 | F15: 雅思校区三人间 | G15: 680
A16: IELTS | B16: 1100 | C16: 一对一4课时+小组课3课时+选修课 | F16: 雅思校区四人间 | G16: 630 | H16: 上下床
A17: IELTS Guarantee 8w | B17: =2900/2 -> 1450 | C17: 一对一5课时+小组课2课时+3课时自习+2课时监督学习
A18: IELTS Guarantee 12w | B18: =4050/3 -> 1350 | C18: 一对一5课时+小组课2课时+3课时自习+2课时监督学习
F19: 报名2周为4周65%，报名3周为4周85%
A20: * Power ESL 5、7和Spartan Power ESL 7:教材可更换;选择学校的书籍(需要咨询学校)
A21: *家长课程:可转课1节课给孩子
A22: 免注册费，
A23: 长周期优惠：16周以上长期优惠100美元，每4周叠加50美元优惠。可以和其他优惠折叠使用
A24: 暑期附加费40美元/周 入学时间：2024年6月30日至8月24日；2025 2年6月29日至8月23日。从今年开始，直至另行通知 适用于所有课程（宿务蓝海家庭课程除外） 2月20日更新 报名时间2025年8月23日截止（除开寒暑假旺季） 入学时间为2025年年底前（除开寒暑假旺季） 定期促销：每4周优惠150美元 额外促销：12周以上额外优惠100美元 上述促销活动可同时使用，也可享长期优惠(16周或以上)。
